{"cameraMode":{"drawMode":0,"name":"Shaded","section":"Shading Mode"},"sceneLighting":false,"audioPlay":false,"sceneViewState":{"m_AlwaysRefresh":false,"showFog":true,"showSkybox":false,"showFlares":true,"showImageEffects":true,"showParticleSystems":true,"showVisualEffectGraphs":true,"m_FxEnabled":true},"in2DMode":false,"pivot":{"x":-0.6460824012756348,"y":0.18838933110237122,"z":-0.2224104404449463},"rotation":{"x":0.016623899340629579,"y":0.9795991778373718,"z":0.09136663377285004,"w":-0.17825663089752198},"size":0.7071067690849304,"orthographic":true}